[
  {
    "name": "Anticheww",
    "author": "Gondolindrim and Chewwy",
    "switchMount": "cherry",
    "pcb": true
  },
  [
    {
      "x": 2.5
    },
    "~\n`",
    "!\n1",
    "@\n2",
    "#\n3",
    "$\n4",
    "%\n5",
    "^\n6",
    "&\n7",
    "*\n8",
    "(\n9",
    ")\n0",
    "-\n_",
    "+\n=",
    {
      "c": "#92de8a"
    },
    "Bksp\n\n\n1",
    "Del\n\n\n1",
    {
      "c": "#cccccc"
    },
    "Del\n\n\n<i class='fa fa-refresh'></i>",
    {
      "x": 1,
      "c": "#92de8a",
      "w": 2
    },
    "Backspace\n\n\n2u"
  ],
  [
    {
      "x": 2.5,
      "c": "#cccccc",
      "w": 1.5
    },
    "Tab\n\n\n1.5",
    "Q",
    "W",
    "E",
    "R",
    "T",
    "Y",
    "U",
    "I",
    "O",
    "P",
    "{\n[",
    "}\n]",
    {
      "c": "#f27e7e",
      "w": 1.5
    },
    "|\n\\\n\n1.5",
    {
      "c": "#cccccc"
    },
    "Home\n\n\n<i class='fa fa-refresh'></i>",
    {
      "x": 1.75,
      "c": "#f27e7e",
      "a": 7,
      "w": 1.25,
      "h": 2,
      "w2": 1.5,
      "h2": 1,
      "x2": -0.25
    },
    "Enter"
  ],
  [
    {
      "c": "#99dee0",
      "a": 4,
      "w": 1.25,
      "w2": 1.75,
      "l": true
    },
    "Caps",
    {
      "x": 1.25,
      "w": 1.75
    },
    "Caps Lock\n\n\n1.75",
    {
      "c": "#cccccc"
    },
    "A",
    "S",
    "D",
    {
      "n": true
    },
    "F",
    "G",
    "H",
    {
      "n": true
    },
    "J",
    "K",
    "L",
    ":\n;",
    "\"\n'",
    {
      "c": "#f27e7e",
      "w": 2.25
    },
    "Enter\n\n\n2.25",
    {
      "c": "#cccccc"
    },
    "PgUp\n\n\n<i class='fa fa-refresh'></i>",
    {
      "x": 0.75,
      "c": "#f27e7e"
    },
    "~\n#"
  ],
  [
    {
      "c": "#f2b67e",
      "w": 1.25
    },
    "Shift\n\n\n1.25",
    "|\n\\",
    {
      "x": 0.25,
      "w": 2.25
    },
    "Shift\n\n\n2.25",
    {
      "c": "#cccccc"
    },
    "Z",
    "X",
    "C",
    "V",
    "B",
    "N",
    "M",
    "<\n,",
    ">\n.",
    "?\n/",
    {
      "c": "#8486c2",
      "w": 1.75
    },
    "Shift\n\n\n1.75",
    "↑",
    {
      "c": "#cccccc"
    },
    "PgDn\n\n\n<i class='fa fa-refresh'></i>",
    {
      "x": 0.25,
      "c": "#8486c2",
      "w": 2.75
    },
    "Shift\n\n\n2.75"
  ],
  [
    {
      "x": 2.5,
      "c": "#cccccc",
      "w": 1.25
    },
    "Ctrl\n\n\n1.25",
    {
      "w": 1.25
    },
    "Win\n\n\n1.25",
    {
      "w": 1.25
    },
    "Alt\n\n\n1.25",
    {
      "c": "#d5db70",
      "w": 6.25
    },
    "\n\n\n6.25",
    {
      "c": "#cccccc"
    },
    "Alt\n\n\n1.0",
    "Ctrl\n\n\n1.0",
    "Ctrl\n\n\n1.0",
    "←",
    "↓",
    "→"
  ],
  [
    {
      "y": 0.25,
      "x": 2.5,
      "w": 1.25
    },
    "Ctrl\n\n\n1.25",
    {
      "w": 1.25
    },
    "Win\n\n\n1.25",
    {
      "w": 1.25
    },
    "Alt\n\n\n1.25",
    {
      "c": "#d5db70",
      "w": 6.25
    },
    "\n\n\n6.25",
    {
      "c": "#cccccc",
      "w": 1.25
    },
    "Alt\n\n\n1.25",
    {
      "w": 1.25
    },
    "Win\n\n\n1.25",
    {
      "x": 0.5
    },
    "←",
    "↓",
    "→"
  ],
  [
    {
      "y": 0.25,
      "x": 6.25,
      "c": "#d5db70",
      "w": 2.25
    },
    "\n\n\n2.25",
    {
      "w": 1.25
    },
    "\n\n\n1.25",
    {
      "w": 2.75
    },
    "\n\n\n2.75"
  ],
  [
    {
      "y": 0.25,
      "x": 6.25,
      "w": 2.75
    },
    "\n\n\n2.75",
    {
      "w": 1.25
    },
    "\n\n\n1.25",
    {
      "w": 2.25
    },
    "\n\n\n2.25"
  ],
  [
    {
      "y": 0.25,
      "x": 2.5,
      "c": "#cccccc",
      "w": 1.5
    },
    "Ctrl\n\n\n1.5",
    "Win\n\n\n1.0",
    {
      "w": 1.5
    },
    "Alt\n\n\n1.5",
    {
      "c": "#d5db70",
      "w": 7
    },
    "\n\n\n7",
    {
      "c": "#cccccc"
    },
    "Alt\n\n\n1.0",
    "Ctrl\n\n\n1.0",
    "←",
    "↓",
    "→"
  ],
  [
    {
      "y": 0.25,
      "x": 2.5,
      "w": 1.5
    },
    "Ctrl\n\n\n1.5",
    "Win",
    {
      "w": 1.5
    },
    "Alt\n\n\n1.5",
    {
      "c": "#d5db70",
      "w": 7
    },
    "\n\n\n7",
    {
      "c": "#cccccc",
      "w": 1.5
    },
    "Alt\n\n\n1.5",
    {
      "x": 0.5
    },
    "←",
    "↓",
    "→"
  ]
]